"word","lang"
"abandon","en"
"ability","en"
"able","en"
"abortion","en"
"about","en"
"above","en"
"abroad","en"
"absence","en"
"absolute","en"
"absolutely","en"
"absorb","en"
"abuse","en"
"academic","en"
"accept","en"
"access","en"
"accident","en"
"accompany","en"
"accomplish","en"
"according","en"
"account","en"
"accurate","en"
"accuse","en"
"achieve","en"
"achievement","en"
"acid","en"
"acknowledge","en"
"acquire","en"
"across","en"
"action","en"
"active","en"
"activist","en"
"activity","en"
"actor","en"
"actress","en"
"actual","en"
"actually","en"
"adapt","en"
"addition","en"
"additional","en"
"address","en"
"adequate","en"
"adjust","en"
"adjustment","en"
"administration","en"
"administrator","en"
"admire","en"
"admission","en"
"admit","en"
"adolescent","en"
"adopt","en"
"adult","en"
"advance","en"
"advanced","en"
"advantage","en"
"adventure","en"
"advertising","en"
"advice","en"
"advise","en"
"adviser","en"
"advocate","en"
"affair","en"
"affect","en"
"afford","en"
"afraid","en"
"African","en"
"African-American","en"
"after","en"
"afternoon","en"
"again","en"
"against","en"
"agency","en"
"agenda","en"
"agent","en"
"aggressive","en"
"agree","en"
"agreement","en"
"agricultural","en"
"ahead","en"
"aide","en"
"AIDS","en"
"aircraft","en"
"airline","en"
"airport","en"
"album","en"
"alcohol","en"
"alive","en"
"alliance","en"
"allow","en"
"ally","en"
"almost","en"
"alone","en"
"along","en"
"already","en"
"also","en"
"alter","en"
"alternative","en"
"although","en"
"always","en"
"amazing","en"
"American","en"
"among","en"
"amount","en"
"analysis","en"
"analyst","en"
"analyze","en"
"ancient","en"
"anger","en"
"angle","en"
"angry","en"
"animal","en"
"anniversary","en"
"announce","en"
"annual","en"
"another","en"
"answer","en"
"anticipate","en"
"anxiety","en"
"anybody","en"
"anymore","en"
"anyone","en"
"anything","en"
"anyway","en"
"anywhere","en"
"apart","en"
"apartment","en"
"apparent","en"
"apparently","en"
"appeal","en"
"appear","en"
"appearance","en"
"apple","en"
"application","en"
"apply","en"
"appoint","en"
"appointment","en"
"appreciate","en"
"approach","en"
"appropriate","en"
"approval","en"
"approve","en"
"approximately","en"
"Arab","en"
"architect","en"
"area","en"
"argue","en"
"argument","en"
"arise","en"
"armed","en"
"army","en"
"around","en"
"arrange","en"
"arrangement","en"
"arrest","en"
"arrival","en"
"arrive","en"
"article","en"
"artist","en"
"artistic","en"
"Asian","en"
"aside","en"
"asleep","en"
"aspect","en"
"assault","en"
"assert","en"
"assess","en"
"assessment","en"
"asset","en"
"assign","en"
"assignment","en"
"assist","en"
"assistance","en"
"assistant","en"
"associate","en"
"association","en"
"assume","en"
"assumption","en"
"assure","en"
"athlete","en"
"athletic","en"
"atmosphere","en"
"attach","en"
"attack","en"
"attempt","en"
"attend","en"
"attention","en"
"attitude","en"
"attorney","en"
"attract","en"
"attractive","en"
"attribute","en"
"audience","en"
"author","en"
"authority","en"
"auto","en"
"available","en"
"average","en"
"avoid","en"
"award","en"
"aware","en"
"awareness","en"
"away","en"
"awful","en"
"baby","en"
"back","en"
"background","en"
"badly","en"
"bake","en"
"balance","en"
"ball","en"
"band","en"
"bank","en"
"barely","en"
"barrel","en"
"barrier","en"
"base","en"
"baseball","en"
"basic","en"
"basically","en"
"basis","en"
"basket","en"
"basketball","en"
"bathroom","en"
"battery","en"
"battle","en"
"beach","en"
"bean","en"
"bear","en"
"beat","en"
"beautiful","en"
"beauty","en"
"because","en"
"become","en"
"bedroom","en"
"beer","en"
"before","en"
"begin","en"
"beginning","en"
"behavior","en"
"behind","en"
"being","en"
"belief","en"
"believe","en"
"bell","en"
"belong","en"
"below","en"
"belt","en"
"bench","en"
"bend","en"
"beneath","en"
"benefit","en"
"beside","en"
"besides","en"
"best","en"
"better","en"
"between","en"
"beyond","en"
"Bible","en"
"bike","en"
"bill","en"
"billion","en"
"bind","en"
"biological","en"
"bird","en"
"birth","en"
"birthday","en"
"bite","en"
"black","en"
"blade","en"
"blame","en"
"blanket","en"
"blind","en"
"block","en"
"blood","en"
"blow","en"
"blue","en"
"board","en"
"boat","en"
"body","en"
"bomb","en"
"bombing","en"
"bond","en"
"bone","en"
"book","en"
"boom","en"
"boot","en"
"border","en"
"born","en"
"borrow","en"
"boss","en"
"both","en"
"bother","en"
"bottle","en"
"bottom","en"
"boundary","en"
"bowl","en"
"boyfriend","en"
"brain","en"
"branch","en"
"brand","en"
"bread","en"
"break","en"
"breakfast","en"
"breast","en"
"breath","en"
"breathe","en"
"brick","en"
"bridge","en"
"brief","en"
"briefly","en"
"bright","en"
"brilliant","en"
"bring","en"
"British","en"
"broad","en"
"broken","en"
"brother","en"
"brown","en"
"brush","en"
"buck","en"
"budget","en"
"build","en"
"building","en"
"bullet","en"
"bunch","en"
"burden","en"
"burn","en"
"bury","en"
"business","en"
"busy","en"
"butter","en"
"button","en"
"buyer","en"
"cabin","en"
"cabinet","en"
"cable","en"
"cake","en"
"calculate","en"
"call","en"
"camera","en"
"camp","en"
"campaign","en"
"campus","en"
"Canadian","en"
"cancer","en"
"candidate","en"
"capability","en"
"capable","en"
"capacity","en"
"capital","en"
"captain","en"
"capture","en"
"carbon","en"
"card","en"
"care","en"
"career","en"
"careful","en"
"carefully","en"
"carrier","en"
"carry","en"
"case","en"
"cash","en"
"cast","en"
"catch","en"
"category","en"
"Catholic","en"
"cause","en"
"ceiling","en"
"celebrate","en"
"celebration","en"
"celebrity","en"
"cell","en"
"center","en"
"central","en"
"century","en"
"ceremony","en"
"certain","en"
"certainly","en"
"chain","en"
"chair","en"
"chairman","en"
"challenge","en"
"chamber","en"
"champion","en"
"championship","en"
"chance","en"
"change","en"
"changing","en"
"channel","en"
"chapter","en"
"character","en"
"characteristic","en"
"characterize","en"
"charge","en"
"charity","en"
"chart","en"
"chase","en"
"cheap","en"
"check","en"
"cheek","en"
"cheese","en"
"chef","en"
"chemical","en"
"chest","en"
"chicken","en"
"chief","en"
"child","en"
"childhood","en"
"Chinese","en"
"chip","en"
"chocolate","en"
"choice","en"
"cholesterol","en"
"choose","en"
"Christian","en"
"Christmas","en"
"church","en"
"cigarette","en"
"circle","en"
"circumstance","en"
"cite","en"
"citizen","en"
"city","en"
"civil","en"
"civilian","en"
"claim","en"
"class","en"
"classic","en"
"classroom","en"
"clean","en"
"clear","en"
"clearly","en"
"client","en"
"climate","en"
"climb","en"
"clinic","en"
"clinical","en"
"clock","en"
"close","en"
"closely","en"
"closer","en"
"clothes","en"
"clothing","en"
"cloud","en"
"club","en"
"clue","en"
"cluster","en"
"coach","en"
"coal","en"
"coalition","en"
"coast","en"
"coat","en"
"code","en"
"coffee","en"
"cognitive","en"
"cold","en"
"collapse","en"
"colleague","en"
"collect","en"
"collection","en"
"collective","en"
"college","en"
"colonial","en"
"color","en"
"column","en"
"combination","en"
"combine","en"
"come","en"
"comedy","en"
"comfort","en"
"comfortable","en"
"command","en"
"commander","en"
"comment","en"
"commercial","en"
"commission","en"
"commit","en"
"commitment","en"
"committee","en"
"common","en"
"communicate","en"
"communication","en"
"community","en"
"company","en"
"compare","en"
"comparison","en"
"compete","en"
"competition","en"
"competitive","en"
"competitor","en"
"complain","en"
"complaint","en"
"complete","en"
"completely","en"
"complex","en"
"complicated","en"
"component","en"
"compose","en"
"composition","en"
"comprehensive","en"
"computer","en"
"concentrate","en"
"concentration","en"
"concept","en"
"concern","en"
"concerned","en"
"concert","en"
"conclude","en"
"conclusion","en"
"concrete","en"
"condition","en"
"conduct","en"
"conference","en"
"confidence","en"
"confident","en"
"confirm","en"
"conflict","en"
"confront","en"
"confusion","en"
"Congress","en"
"congressional","en"
"connect","en"
"connection","en"
"consciousness","en"
"consensus","en"
"consequence","en"
"conservative","en"
"consider","en"
"considerable","en"
"consideration","en"
"consist","en"
"consistent","en"
"constant","en"
"constantly","en"
"constitute","en"
"constitutional","en"
"construct","en"
"construction","en"
"consultant","en"
"consume","en"
"consumer","en"
"consumption","en"
"contact","en"
"contain","en"
"container","en"
"contemporary","en"
"content","en"
"contest","en"
"context","en"
"continue","en"
"continued","en"
"contract","en"
"contrast","en"
"contribute","en"
"contribution","en"
"control","en"
"controversial","en"
"controversy","en"
"convention","en"
"conventional","en"
"conversation","en"
"convert","en"
"conviction","en"
"convince","en"
"cook","en"
"cookie","en"
"cooking","en"
"cool","en"
"cooperation","en"
"cope","en"
"copy","en"
"core","en"
"corn","en"
"corner","en"
"corporate","en"
"corporation","en"
"correct","en"
"correspondent","en"
"cost","en"
"cotton","en"
"couch","en"
"could","en"
"council","en"
"counselor","en"
"count","en"
"counter","en"
"country","en"
"county","en"
"couple","en"
"courage","en"
"course","en"
"court","en"
"cousin","en"
"cover","en"
"coverage","en"
"crack","en"
"craft","en"
"crash","en"
"crazy","en"
"cream","en"
"create","en"
"creation","en"
"creative","en"
"creature","en"
"credit","en"
"crew","en"
"crime","en"
"criminal","en"
"crisis","en"
"criteria","en"
"critic","en"
"critical","en"
"criticism","en"
"criticize","en"
"crop","en"
"cross","en"
"crowd","en"
"crucial","en"
"cultural","en"
"culture","en"
"curious","en"
"current","en"
"currently","en"
"curriculum","en"
"custom","en"
"customer","en"
"cycle","en"
"daily","en"
"damage","en"
"dance","en"
"danger","en"
"dangerous","en"
"dare","en"
"dark","en"
"darkness","en"
"data","en"
"date","en"
"daughter","en"
"dead","en"
"deal","en"
"dealer","en"
"dear","en"
"death","en"
"debate","en"
"debt","en"
"decade","en"
"decide","en"
"decision","en"
"deck","en"
"declare","en"
"decline","en"
"decrease","en"
"deep","en"
"deeply","en"
"deer","en"
"defeat","en"
"defend","en"
"defendant","en"
"defense","en"
"defensive","en"
"deficit","en"
"define","en"
"definitely","en"
"definition","en"
"degree","en"
"delay","en"
"deliver","en"
"delivery","en"
"demand","en"
"democracy","en"
"Democrat","en"
"democratic","en"
"demonstrate","en"
"demonstration","en"
"deny","en"
"department","en"
"depend","en"
"dependent","en"
"depending","en"
"depict","en"
"depression","en"
"depth","en"
"deputy","en"
"derive","en"
"describe","en"
"description","en"
"desert","en"
"deserve","en"
"design","en"
"designer","en"
"desire","en"
"desk","en"
"desperate","en"
"despite","en"
"destroy","en"
"destruction","en"
"detail","en"
"detailed","en"
"detect","en"
"determine","en"
"develop","en"
"developing","en"
"development","en"
"device","en"
"devote","en"
"dialogue","en"
"diet","en"
"differ","en"
"difference","en"
"different","en"
"differently","en"
"difficult","en"
"difficulty","en"
"digital","en"
"dimension","en"
"dining","en"
"dinner","en"
"direct","en"
"direction","en"
"directly","en"
"director","en"
"dirt","en"
"dirty","en"
"disability","en"
"disagree","en"
"disappear","en"
"disaster","en"
"discipline","en"
"discourse","en"
"discover","en"
"discovery","en"
"discrimination","en"
"discuss","en"
"discussion","en"
"disease","en"
"dish","en"
"dismiss","en"
"disorder","en"
"display","en"
"dispute","en"
"distance","en"
"distant","en"
"distinct","en"
"distinction","en"
"distinguish","en"
"distribute","en"
"distribution","en"
"district","en"
"diverse","en"
"diversity","en"
"divide","en"
"division","en"
"divorce","en"
"doctor","en"
"document","en"
"domestic","en"
"dominant","en"
"dominate","en"
"door","en"
"double","en"
"doubt","en"
"down","en"
"downtown","en"
"dozen","en"
"draft","en"
"drag","en"
"drama","en"
"dramatic","en"
"dramatically","en"
"draw","en"
"drawing","en"
"dream","en"
"dress","en"
"drink","en"
"drive","en"
"driver","en"
"drop","en"
"drug","en"
"during","en"
"dust","en"
"duty","en"
"each","en"
"eager","en"
"early","en"
"earn","en"
"earnings","en"
"earth","en"
"ease","en"
"easily","en"
"east","en"
"eastern","en"
"easy","en"
"economic","en"
"economics","en"
"economist","en"
"economy","en"
"edge","en"
"edition","en"
"editor","en"
"educate","en"
"education","en"
"educational","en"
"educator","en"
"effect","en"
"effective","en"
"effectively","en"
"efficiency","en"
"efficient","en"
"effort","en"
"eight","en"
"either","en"
"elderly","en"
"elect","en"
"election","en"
"electric","en"
"electricity","en"
"electronic","en"
"element","en"
"elementary","en"
"eliminate","en"
"elite","en"
"else","en"
"elsewhere","en"
"e-mail","en"
"embrace","en"
"emerge","en"
"emergency","en"
"emission","en"
"emotion","en"
"emotional","en"
"emphasis","en"
"emphasize","en"
"employ","en"
"employee","en"
"employer","en"
"employment","en"
"empty","en"
"enable","en"
"encounter","en"
"encourage","en"
"enemy","en"
"energy","en"
"enforcement","en"
"engage","en"
"engine","en"
"engineer","en"
"engineering","en"
"English","en"
"enhance","en"
"enjoy","en"
"enormous","en"
"enough","en"
"ensure","en"
"enter","en"
"enterprise","en"
"entertainment","en"
"entire","en"
"entirely","en"
"entrance","en"
"entry","en"
"environment","en"
"environmental","en"
"episode","en"
"equal","en"
"equally","en"
"equipment","en"
"error","en"
"escape","en"
"especially","en"
"essay","en"
"essential","en"
"essentially","en"
"establish","en"
"establishment","en"
"estate","en"
"estimate","en"
"ethics","en"
"ethnic","en"
"European","en"
"evaluate","en"
"evaluation","en"
"even","en"
"evening","en"
"event","en"
"eventually","en"
"ever","en"
"every","en"
"everybody","en"
"everyday","en"
"everyone","en"
"everything","en"
"everywhere","en"
"evidence","en"
"evolution","en"
"evolve","en"
"exact","en"
"exactly","en"
"examination","en"
"examine","en"
"example","en"
"exceed","en"
"excellent","en"
"except","en"
"exception","en"
"exchange","en"
"exciting","en"
"executive","en"
"exercise","en"
"exhibit","en"
"exhibition","en"
"exist","en"
"existence","en"
"existing","en"
"expand","en"
"expansion","en"
"expect","en"
"expectation","en"
"expense","en"
"expensive","en"
"experience","en"
"experiment","en"
"expert","en"
"explain","en"
"explanation","en"
"explode","en"
"explore","en"
"explosion","en"
"expose","en"
"exposure","en"
"express","en"
"expression","en"
"extend","en"
"extension","en"
"extensive","en"
"extent","en"
"external","en"
"extra","en"
"extraordinary","en"
"extreme","en"
"extremely","en"
"fabric","en"
"face","en"
"facility","en"
"fact","en"
"factor","en"
"factory","en"
"faculty","en"
"fade","en"
"fail","en"
"failure","en"
"fair","en"
"fairly","en"
"faith","en"
"fall","en"
"false","en"
"familiar","en"
"family","en"
"famous","en"
"fantasy","en"
"farm","en"
"farmer","en"
"fashion","en"
"fast","en"
"fate","en"
"father","en"
"fault","en"
"favor","en"
"favorite","en"
"fear","en"
"feature","en"
"federal","en"
"feed","en"
"feel","en"
"feeling","en"
"fellow","en"
"female","en"
"fence","en"
"fewer","en"
"fiber","en"
"fiction","en"
"field","en"
"fifteen","en"
"fifth","en"
"fifty","en"
"fight","en"
"fighter","en"
"fighting","en"
"figure","en"
"file","en"
"fill","en"
"film","en"
"final","en"
"finally","en"
"finance","en"
"financial","en"
"find","en"
"finding","en"
"fine","en"
"finger","en"
"finish","en"
"fire","en"
"firm","en"
"first","en"
"fish","en"
"fishing","en"
"fitness","en"
"five","en"
"flag","en"
"flame","en"
"flat","en"
"flavor","en"
"flee","en"
"flesh","en"
"flight","en"
"float","en"
"floor","en"
"flow","en"
"flower","en"
"focus","en"
"folk","en"
"follow","en"
"following","en"
"food","en"
"foot","en"
"football","en"
"force","en"
"foreign","en"
"forest","en"
"forever","en"
"forget","en"
"form","en"
"formal","en"
"formation","en"
"former","en"
"formula","en"
"forth","en"
"fortune","en"
"forward","en"
"found","en"
"foundation","en"
"founder","en"
"four","en"
"fourth","en"
"frame","en"
"framework","en"
"free","en"
"freedom","en"
"freeze","en"
"French","en"
"frequency","en"
"frequent","en"
"frequently","en"
"fresh","en"
"friend","en"
"friendly","en"
"friendship","en"
"from","en"
"front","en"
"fruit","en"
"frustration","en"
"fuel","en"
"full","en"
"fully","en"
"function","en"
"fund","en"
"fundamental","en"
"funding","en"
"funeral","en"
"funny","en"
"furniture","en"
"furthermore","en"
"future","en"
"gain","en"
"galaxy","en"
"gallery","en"
"game","en"
"gang","en"
"garage","en"
"garden","en"
"garlic","en"
"gate","en"
"gather","en"
"gaze","en"
"gear","en"
"gender","en"
"gene","en"
"general","en"
"generally","en"
"generate","en"
"generation","en"
"genetic","en"
"gentleman","en"
"gently","en"
"German","en"
"gesture","en"
"ghost","en"
"giant","en"
"gift","en"
"gifted","en"
"girl","en"
"girlfriend","en"
"give","en"
"given","en"
"glad","en"
"glance","en"
"glass","en"
"global","en"
"glove","en"
"goal","en"
"gold","en"
"golden","en"
"golf","en"
"good","en"
"government","en"
"governor","en"
"grab","en"
"grade","en"
"gradually","en"
"graduate","en"
"grain","en"
"grand","en"
"grandfather","en"
"grandmother","en"
"grant","en"
"grass","en"
"grave","en"
"gray","en"
"great","en"
"greatest","en"
"green","en"
"grocery","en"
"ground","en"
"group","en"
"grow","en"
"growing","en"
"growth","en"
"guarantee","en"
"guard","en"
"guess","en"
"guest","en"
"guide","en"
"guideline","en"
"guilty","en"
"habit","en"
"habitat","en"
"hair","en"
"half","en"
"hall","en"
"hand","en"
"handful","en"
"handle","en"
"hang","en"
"happen","en"
"happy","en"
"hard","en"
"hardly","en"
"hate","en"
"have","en"
"head","en"
"headline","en"
"headquarters","en"
"health","en"
"healthy","en"
"hear","en"
"hearing","en"
"heart","en"
"heat","en"
"heaven","en"
"heavily","en"
"heavy","en"
"heel","en"
"height","en"
"helicopter","en"
"hell","en"
"hello","en"
"help","en"
"helpful","en"
"here","en"
"heritage","en"
"hero","en"
"herself","en"
"hide","en"
"high","en"
"highlight","en"
"highly","en"
"highway","en"
"hill","en"
"himself","en"
"hire","en"
"historian","en"
"historic","en"
"historical","en"
"history","en"
"hold","en"
"hole","en"
"holiday","en"
"holy","en"
"home","en"
"homeless","en"
"honest","en"
"honey","en"
"honor","en"
"hope","en"
"horizon","en"
"horror","en"
"horse","en"
"hospital","en"
"host","en"
"hotel","en"
"hour","en"
"house","en"
"household","en"
"housing","en"
"however","en"
"huge","en"
"human","en"
"humor","en"
"hundred","en"
"hungry","en"
"hunter","en"
"hunting","en"
"hurt","en"
"husband","en"
"hypothesis","en"
"idea","en"
"ideal","en"
"identification","en"
"identify","en"
"identity","en"
"ignore","en"
"illegal","en"
"illness","en"
"illustrate","en"
"image","en"
"imagination","en"
"imagine","en"
"immediate","en"
"immediately","en"
"immigrant","en"
"immigration","en"
"impact","en"
"implement","en"
"implication","en"
"imply","en"
"importance","en"
"important","en"
"impose","en"
"impossible","en"
"impress","en"
"impression","en"
"impressive","en"
"improve","en"
"improvement","en"
"incentive","en"
"incident","en"
"include","en"
"including","en"
"income","en"
"incorporate","en"
"increase","en"
"increased","en"
"increasing","en"
"increasingly","en"
"incredible","en"
"indeed","en"
"independence","en"
"independent","en"
"index","en"
"Indian","en"
"indicate","en"
"indication","en"
"individual","en"
"industrial","en"
"industry","en"
"infant","en"
"infection","en"
"inflation","en"
"influence","en"
"inform","en"
"information","en"
"ingredient","en"
"initial","en"
"initially","en"
"initiative","en"
"injury","en"
"inner","en"
"innocent","en"
"inquiry","en"
"inside","en"
"insight","en"
"insist","en"
"inspire","en"
"install","en"
"instance","en"
"instead","en"
"institution","en"
"institutional","en"
"instruction","en"
"instructor","en"
"instrument","en"
"insurance","en"
"intellectual","en"
"intelligence","en"
"intend","en"
"intense","en"
"intensity","en"
"intention","en"
"interaction","en"
"interest","en"
"interested","en"
"interesting","en"
"internal","en"
"international","en"
"Internet","en"
"interpret","en"
"interpretation","en"
"intervention","en"
"interview","en"
"into","en"
"introduce","en"
"introduction","en"
"invasion","en"
"invest","en"
"investigate","en"
"investigation","en"
"investigator","en"
"investment","en"
"investor","en"
"invite","en"
"involve","en"
"involved","en"
"involvement","en"
"Iraqi","en"
"Irish","en"
"iron","en"
"Islamic","en"
"island","en"
"Israeli","en"
"issue","en"
"Italian","en"
"item","en"
"itself","en"
"jacket","en"
"jail","en"
"Japanese","en"
"Jewish","en"
"join","en"
"joint","en"
"joke","en"
"journal","en"
"journalist","en"
"journey","en"
"judge","en"
"judgment","en"
"juice","en"
"jump","en"
"junior","en"
"jury","en"
"just","en"
"justice","en"
"justify","en"
"keep","en"
"kick","en"
"kill","en"
"killer","en"
"killing","en"
"kind","en"
"king","en"
"kiss","en"
"kitchen","en"
"knee","en"
"knife","en"
"knock","en"
"know","en"
"knowledge","en"
"label","en"
"labor","en"
"laboratory","en"
"lack","en"
"lady","en"
"lake","en"
"land","en"
"landscape","en"
"language","en"
"large","en"
"largely","en"
"last","en"
"late","en"
"later","en"
"Latin","en"
"latter","en"
"laugh","en"
"launch","en"
"lawn","en"
"lawsuit","en"
"lawyer","en"
"layer","en"
"lead","en"
"leader","en"
"leadership","en"
"leading","en"
"leaf","en"
"league","en"
"lean","en"
"learn","en"
"learning","en"
"least","en"
"leather","en"
"leave","en"
"left","en"
"legacy","en"
"legal","en"
"legend","en"
"legislation","en"
"legitimate","en"
"lemon","en"
"length","en"
"less","en"
"lesson","en"
"letter","en"
"level","en"
"liberal","en"
"library","en"
"license","en"
"life","en"
"lifestyle","en"
"lifetime","en"
"lift","en"
"light","en"
"like","en"
"likely","en"
"limit","en"
"limitation","en"
"limited","en"
"line","en"
"link","en"
"list","en"
"listen","en"
"literally","en"
"literary","en"
"literature","en"
"little","en"
"live","en"
"living","en"
"load","en"
"loan","en"
"local","en"
"locate","en"
"location","en"
"lock","en"
"long","en"
"long-term","en"
"look","en"
"loose","en"
"lose","en"
"loss","en"
"lost","en"
"lots","en"
"loud","en"
"love","en"
"lovely","en"
"lover","en"
"lower","en"
"luck","en"
"lucky","en"
"lunch","en"
"lung","en"
"machine","en"
"magazine","en"
"mail","en"
"main","en"
"mainly","en"
"maintain","en"
"maintenance","en"
"major","en"
"majority","en"
"make","en"
"maker","en"
"makeup","en"
"male","en"
"mall","en"
"manage","en"
"management","en"
"manager","en"
"manner","en"
"manufacturer","en"
"manufacturing","en"
"many","en"
"margin","en"
"mark","en"
"market","en"
"marketing","en"
"marriage","en"
"married","en"
"marry","en"
"mask","en"
"mass","en"
"massive","en"
"master","en"
"match","en"
"material","en"
"math","en"
"matter","en"
"maybe","en"
"mayor","en"
"meal","en"
"mean","en"
"meaning","en"
"meanwhile","en"
"measure","en"
"measurement","en"
"meat","en"
"mechanism","en"
"media","en"
"medical","en"
"medication","en"
"medicine","en"
"medium","en"
"meet","en"
"meeting","en"
"member","en"
"membership","en"
"memory","en"
"mental","en"
"mention","en"
"menu","en"
"mere","en"
"merely","en"
"mess","en"
"message","en"
"metal","en"
"meter","en"
"method","en"
"Mexican","en"
"middle","en"
"might","en"
"military","en"
"milk","en"
"million","en"
"mind","en"
"mine","en"
"minister","en"
"minor","en"
"minority","en"
"minute","en"
"miracle","en"
"mirror","en"
"miss","en"
"missile","en"
"mission","en"
"mistake","en"
"mixture","en"
"mm-hmm","en"
"mode","en"
"model","en"
"moderate","en"
"modern","en"
"modest","en"
"moment","en"
"money","en"
"monitor","en"
"month","en"
"mood","en"
"moon","en"
"moral","en"
"more","en"
"moreover","en"
"morning","en"
"mortgage","en"
"most","en"
"mostly","en"
"mother","en"
"motion","en"
"motivation","en"
"motor","en"
"mount","en"
"mountain","en"
"mouse","en"
"mouth","en"
"move","en"
"movement","en"
"movie","en"
"much","en"
"multiple","en"
"murder","en"
"muscle","en"
"museum","en"
"music","en"
"musical","en"
"musician","en"
"Muslim","en"
"must","en"
"mutual","en"
"myself","en"
"mystery","en"
"myth","en"
"naked","en"
"name","en"
"narrative","en"
"narrow","en"
"nation","en"
"national","en"
"native","en"
"natural","en"
"naturally","en"
"nature","en"
"near","en"
"nearby","en"
"nearly","en"
"necessarily","en"
"necessary","en"
"neck","en"
"need","en"
"negative","en"
"negotiate","en"
"negotiation","en"
"neighbor","en"
"neighborhood","en"
"neither","en"
"nerve","en"
"nervous","en"
"network","en"
"never","en"
"nevertheless","en"
"newly","en"
"news","en"
"newspaper","en"
"next","en"
"nice","en"
"night","en"
"nine","en"
"nobody","en"
"noise","en"
"nomination","en"
"none","en"
"nonetheless","en"
"normal","en"
"normally","en"
"north","en"
"northern","en"
"nose","en"
"note","en"
"nothing","en"
"notice","en"
"notion","en"
"novel","en"
"nowhere","en"
"nuclear","en"
"number","en"
"numerous","en"
"nurse","en"
"object","en"
"objective","en"
"obligation","en"
"observation","en"
"observe","en"
"observer","en"
"obtain","en"
"obvious","en"
"obviously","en"
"occasion","en"
"occasionally","en"
"occupation","en"
"occupy","en"
"occur","en"
"ocean","en"
"odds","en"
"offense","en"
"offensive","en"
"offer","en"
"office","en"
"officer","en"
"official","en"
"often","en"
"okay","en"
"Olympic","en"
"once","en"
"ongoing","en"
"onion","en"
"online","en"
"only","en"
"onto","en"
"open","en"
"opening","en"
"operate","en"
"operating","en"
"operation","en"
"operator","en"
"opinion","en"
"opponent","en"
"opportunity","en"
"oppose","en"
"opposite","en"
"opposition","en"
"option","en"
"orange","en"
"order","en"
"ordinary","en"
"organic","en"
"organization","en"
"organize","en"
"orientation","en"
"origin","en"
"original","en"
"originally","en"
"other","en"
"others","en"
"otherwise","en"
"ought","en"
"ourselves","en"
"outcome","en"
"outside","en"
"oven","en"
"over","en"
"overall","en"
"overcome","en"
"overlook","en"
"owner","en"
"pace","en"
"pack","en"
"package","en"
"page","en"
"pain","en"
"painful","en"
"paint","en"
"painter","en"
"painting","en"
"pair","en"
"pale","en"
"Palestinian","en"
"palm","en"
"panel","en"
"pant","en"
"paper","en"
"parent","en"
"park","en"
"parking","en"
"part","en"
"participant","en"
"participate","en"
"participation","en"
"particular","en"
"particularly","en"
"partly","en"
"partner","en"
"partnership","en"
"party","en"
"pass","en"
"passage","en"
"passenger","en"
"passion","en"
"past","en"
"patch","en"
"path","en"
"patient","en"
"pattern","en"
"pause","en"
"payment","en"
"peace","en"
"peak","en"
"peer","en"
"penalty","en"
"people","en"
"pepper","en"
"perceive","en"
"percentage","en"
"perception","en"
"perfect","en"
"perfectly","en"
"perform","en"
"performance","en"
"perhaps","en"
"period","en"
"permanent","en"
"permission","en"
"permit","en"
"person","en"
"personal","en"
"personality","en"
"personally","en"
"personnel","en"
"perspective","en"
"persuade","en"
"phase","en"
"phenomenon","en"
"philosophy","en"
"phone","en"
"photo","en"
"photograph","en"
"photographer","en"
"phrase","en"
"physical","en"
"physically","en"
"physician","en"
"piano","en"
"pick","en"
"picture","en"
"piece","en"
"pile","en"
"pilot","en"
"pine","en"
"pink","en"
"pipe","en"
"pitch","en"
"place","en"
"plan","en"
"plane","en"
"planet","en"
"planning","en"
"plant","en"
"plastic","en"
"plate","en"
"platform","en"
"play","en"
"player","en"
"please","en"
"pleasure","en"
"plenty","en"
"plot","en"
"plus","en"
"pocket","en"
"poem","en"
"poet","en"
"poetry","en"
"point","en"
"pole","en"
"police","en"
"policy","en"
"political","en"
"politically","en"
"politician","en"
"politics","en"
"poll","en"
"pollution","en"
"pool","en"
"poor","en"
"popular","en"
"population","en"
"porch","en"
"port","en"
"portion","en"
"portrait","en"
"portray","en"
"pose","en"
"position","en"
"positive","en"
"possess","en"
"possibility","en"
"possible","en"
"possibly","en"
"post","en"
"potato","en"
"potential","en"
"potentially","en"
"pound","en"
"pour","en"
"poverty","en"
"powder","en"
"power","en"
"powerful","en"
"practical","en"
"practice","en"
"pray","en"
"prayer","en"
"precisely","en"
"predict","en"
"prefer","en"
"preference","en"
"pregnancy","en"
"pregnant","en"
"preparation","en"
"prepare","en"
"prescription","en"
"presence","en"
"present","en"
"presentation","en"
"preserve","en"
"president","en"
"presidential","en"
"press","en"
"pressure","en"
"pretend","en"
"pretty","en"
"prevent","en"
"previous","en"
"previously","en"
"price","en"
"pride","en"
"priest","en"
"primarily","en"
"primary","en"
"prime","en"
"principal","en"
"principle","en"
"print","en"
"prior","en"
"priority","en"
"prison","en"
"prisoner","en"
"privacy","en"
"private","en"
"probably","en"
"problem","en"
"procedure","en"
"proceed","en"
"process","en"
"produce","en"
"producer","en"
"product","en"
"production","en"
"profession","en"
"professional","en"
"professor","en"
"profile","en"
"profit","en"
"program","en"
"progress","en"
"project","en"
"prominent","en"
"promise","en"
"promote","en"
"prompt","en"
"proof","en"
"proper","en"
"properly","en"
"property","en"
"proportion","en"
"proposal","en"
"propose","en"
"proposed","en"
"prosecutor","en"
"prospect","en"
"protect","en"
"protection","en"
"protein","en"
"protest","en"
"proud","en"
"prove","en"
"provide","en"
"provider","en"
"province","en"
"provision","en"
"psychological","en"
"psychologist","en"
"psychology","en"
"public","en"
"publication","en"
"publicly","en"
"publish","en"
"publisher","en"
"pull","en"
"punishment","en"
"purchase","en"
"pure","en"
"purpose","en"
"pursue","en"
"push","en"
"qualify","en"
"quality","en"
"quarter","en"
"quarterback","en"
"question","en"
"quick","en"
"quickly","en"
"quiet","en"
"quietly","en"
"quit","en"
"quite","en"
"quote","en"
"race","en"
"racial","en"
"radical","en"
"radio","en"
"rail","en"
"rain","en"
"raise","en"
"range","en"
"rank","en"
"rapid","en"
"rapidly","en"
"rare","en"
"rarely","en"
"rate","en"
"rather","en"
"rating","en"
"ratio","en"
"reach","en"
"react","en"
"reaction","en"
"read","en"
"reader","en"
"reading","en"
"ready","en"
"real","en"
"reality","en"
"realize","en"
"really","en"
"reason","en"
"reasonable","en"
"recall","en"
"receive","en"
"recent","en"
"recently","en"
"recipe","en"
"recognition","en"
"recognize","en"
"recommend","en"
"recommendation","en"
"record","en"
"recording","en"
"recover","en"
"recovery","en"
"recruit","en"
"reduce","en"
"reduction","en"
"refer","en"
"reference","en"
"reflect","en"
"reflection","en"
"reform","en"
"refugee","en"
"refuse","en"
"regard","en"
"regarding","en"
"regardless","en"
"regime","en"
"region","en"
"regional","en"
"register","en"
"regular","en"
"regularly","en"
"regulate","en"
"regulation","en"
"reinforce","en"
"reject","en"
"relate","en"
"relation","en"
"relationship","en"
"relative","en"
"relatively","en"
"relax","en"
"release","en"
"relevant","en"
"relief","en"
"religion","en"
"religious","en"
"rely","en"
"remain","en"
"remaining","en"
"remarkable","en"
"remember","en"
"remind","en"
"remote","en"
"remove","en"
"repeat","en"
"repeatedly","en"
"replace","en"
"reply","en"
"report","en"
"reporter","en"
"represent","en"
"representation","en"
"representative","en"
"Republican","en"
"reputation","en"
"request","en"
"require","en"
"requirement","en"
"research","en"
"researcher","en"
"resemble","en"
"reservation","en"
"resident","en"
"resist","en"
"resistance","en"
"resolution","en"
"resolve","en"
"resort","en"
"resource","en"
"respect","en"
"respond","en"
"respondent","en"
"response","en"
"responsibility","en"
"responsible","en"
"rest","en"
"restaurant","en"
"restore","en"
"restriction","en"
"result","en"
"retain","en"
"retire","en"
"retirement","en"
"return","en"
"reveal","en"
"revenue","en"
"review","en"
"revolution","en"
"rhythm","en"
"rice","en"
"rich","en"
"ride","en"
"rifle","en"
"right","en"
"ring","en"
"rise","en"
"risk","en"
"river","en"
"road","en"
"rock","en"
"role","en"
"roll","en"
"romantic","en"
"roof","en"
"room","en"
"root","en"
"rope","en"
"rose","en"
"rough","en"
"roughly","en"
"round","en"
"route","en"
"routine","en"
"rule","en"
"running","en"
"rural","en"
"rush","en"
"Russian","en"
"sacred","en"
"safe","en"
"safety","en"
"sake","en"
"salad","en"
"salary","en"
"sale","en"
"sales","en"
"salt","en"
"same","en"
"sample","en"
"sanction","en"
"sand","en"
"satellite","en"
"satisfaction","en"
"satisfy","en"
"sauce","en"
"save","en"
"saving","en"
"scale","en"
"scandal","en"
"scared","en"
"scenario","en"
"scene","en"
"schedule","en"
"scheme","en"
"scholar","en"
"scholarship","en"
"school","en"
"science","en"
"scientific","en"
"scientist","en"
"scope","en"
"score","en"
"scream","en"
"screen","en"
"script","en"
"search","en"
"season","en"
"seat","en"
"second","en"
"secret","en"
"secretary","en"
"section","en"
"sector","en"
"secure","en"
"security","en"
"seed","en"
"seek","en"
"seem","en"
"segment","en"
"seize","en"
"select","en"
"selection","en"
"self","en"
"sell","en"
"Senate","en"
"senator","en"
"send","en"
"senior","en"
"sense","en"
"sensitive","en"
"sentence","en"
"separate","en"
"sequence","en"
"series","en"
"serious","en"
"seriously","en"
"serve","en"
"service","en"
"session","en"
"setting","en"
"settle","en"
"settlement","en"
"seven","en"
"several","en"
"severe","en"
"sexual","en"
"shade","en"
"shadow","en"
"shake","en"
"shall","en"
"shape","en"
"share","en"
"sharp","en"
"sheet","en"
"shelf","en"
"shell","en"
"shelter","en"
"shift","en"
"shine","en"
"ship","en"
"shirt","en"
"shit","en"
"shock","en"
"shoe","en"
"shoot","en"
"shooting","en"
"shop","en"
"shopping","en"
"shore","en"
"short","en"
"shortly","en"
"shot","en"
"should","en"
"shoulder","en"
"shout","en"
"show","en"
"shower","en"
"shrug","en"
"shut","en"
"sick","en"
"side","en"
"sigh","en"
"sight","en"
"sign","en"
"signal","en"
"significance","en"
"significant","en"
"significantly","en"
"silence","en"
"silent","en"
"silver","en"
"similar","en"
"similarly","en"
"simple","en"
"simply","en"
"since","en"
"sing","en"
"singer","en"
"single","en"
"sink","en"
"sister","en"
"site","en"
"situation","en"
"size","en"
"skill","en"
"skin","en"
"slave","en"
"sleep","en"
"slice","en"
"slide","en"
"slight","en"
"slightly","en"
"slip","en"
"slow","en"
"slowly","en"
"small","en"
"smart","en"
"smell","en"
"smile","en"
"smoke","en"
"smooth","en"
"snap","en"
"snow","en"
"so-called","en"
"soccer","en"
"social","en"
"society","en"
"soft","en"
"software","en"
"soil","en"
"solar","en"
"soldier","en"
"solid","en"
"solution","en"
"solve","en"
"some","en"
"somebody","en"
"somehow","en"
"someone","en"
"something","en"
"sometimes","en"
"somewhat","en"
"somewhere","en"
"song","en"
"soon","en"
"sophisticated","en"
"sorry","en"
"sort","en"
"soul","en"
"sound","en"
"soup","en"
"source","en"
"south","en"
"southern","en"
"Soviet","en"
"space","en"
"Spanish","en"
"speak","en"
"speaker","en"
"special","en"
"specialist","en"
"species","en"
"specific","en"
"specifically","en"
"speech","en"
"speed","en"
"spend","en"
"spending","en"
"spin","en"
"spirit","en"
"spiritual","en"
"split","en"
"spokesman","en"
"sport","en"
"spot","en"
"spread","en"
"spring","en"
"square","en"
"squeeze","en"
"stability","en"
"stable","en"
"staff","en"
"stage","en"
"stair","en"
"stake","en"
"stand","en"
"standard","en"
"standing","en"
"star","en"
"stare","en"
"start","en"
"state","en"
"statement","en"
"station","en"
"statistics","en"
"status","en"
"stay","en"
"steady","en"
"steal","en"
"steel","en"
"step","en"
"stick","en"
"still","en"
"stir","en"
"stock","en"
"stomach","en"
"stone","en"
"stop","en"
"storage","en"
"store","en"
"storm","en"
"story","en"
"straight","en"
"strange","en"
"stranger","en"
"strategic","en"
"strategy","en"
"stream","en"
"street","en"
"strength","en"
"strengthen","en"
"stress","en"
"stretch","en"
"strike","en"
"string","en"
"strip","en"
"stroke","en"
"strong","en"
"strongly","en"
"structure","en"
"struggle","en"
"student","en"
"studio","en"
"study","en"
"stuff","en"
"stupid","en"
"style","en"
"subject","en"
"submit","en"
"subsequent","en"
"substance","en"
"substantial","en"
"succeed","en"
"success","en"
"successful","en"
"successfully","en"
"such","en"
"sudden","en"
"suddenly","en"
"suffer","en"
"sufficient","en"
"sugar","en"
"suggest","en"
"suggestion","en"
"suicide","en"
"suit","en"
"summer","en"
"summit","en"
"super","en"
"supply","en"
"support","en"
"supporter","en"
"suppose","en"
"supposed","en"
"Supreme","en"
"sure","en"
"surely","en"
"surface","en"
"surgery","en"
"surprise","en"
"surprised","en"
"surprising","en"
"surprisingly","en"
"surround","en"
"survey","en"
"survival","en"
"survive","en"
"survivor","en"
"suspect","en"
"sustain","en"
"swear","en"
"sweep","en"
"sweet","en"
"swim","en"
"swing","en"
"switch","en"
"symbol","en"
"symptom","en"
"system","en"
"table","en"
"tablespoon","en"
"tactic","en"
"tail","en"
"take","en"
"tale","en"
"talent","en"
"talk","en"
"tall","en"
"tank","en"
"tape","en"
"target","en"
"task","en"
"taste","en"
"taxpayer","en"
"teach","en"
"teacher","en"
"teaching","en"
"team","en"
"tear","en"
"teaspoon","en"
"technical","en"
"technique","en"
"technology","en"
"teen","en"
"teenager","en"
"telephone","en"
"telescope","en"
"television","en"
"tell","en"
"temperature","en"
"temporary","en"
"tend","en"
"tendency","en"
"tennis","en"
"tension","en"
"tent","en"
"term","en"
"terms","en"
"terrible","en"
"territory","en"
"terror","en"
"terrorism","en"
"terrorist","en"
"test","en"
"testify","en"
"testimony","en"
"testing","en"
"text","en"
"than","en"
"thank","en"
"thanks","en"
"that","en"
"theater","en"
"their","en"
"them","en"
"theme","en"
"themselves","en"
"then","en"
"theory","en"
"therapy","en"
"there","en"
"therefore","en"
"these","en"
"they","en"
"thick","en"
"thin","en"
"thing","en"
"think","en"
"thinking","en"
"third","en"
"thirty","en"
"this","en"
"those","en"
"though","en"
"thought","en"
"thousand","en"
"threat","en"
"threaten","en"
"three","en"
"throat","en"
"through","en"
"throughout","en"
"throw","en"
"thus","en"
"ticket","en"
"tight","en"
"time","en"
"tiny","en"
"tire","en"
"tired","en"
"tissue","en"
"title","en"
"tobacco","en"
"today","en"
"together","en"
"tomato","en"
"tomorrow","en"
"tone","en"
"tongue","en"
"tonight","en"
"tool","en"
"tooth","en"
"topic","en"
"toss","en"
"total","en"
"totally","en"
"touch","en"
"tough","en"
"tour","en"
"tourist","en"
"tournament","en"
"toward","en"
"towards","en"
"tower","en"
"town","en"
"trace","en"
"track","en"
"trade","en"
"tradition","en"
"traditional","en"
"traffic","en"
"tragedy","en"
"trail","en"
"train","en"
"training","en"
"transfer","en"
"transform","en"
"transformation","en"
"transition","en"
"translate","en"
"transportation","en"
"travel","en"
"treat","en"
"treatment","en"
"treaty","en"
"tree","en"
"tremendous","en"
"trend","en"
"trial","en"
"tribe","en"
"trick","en"
"trip","en"
"troop","en"
"trouble","en"
"truck","en"
"true","en"
"truly","en"
"trust","en"
"truth","en"
"tube","en"
"tunnel","en"
"turn","en"
"twelve","en"
"twenty","en"
"twice","en"
"twin","en"
"type","en"
"typical","en"
"typically","en"
"ugly","en"
"ultimate","en"
"ultimately","en"
"unable","en"
"uncle","en"
"under","en"
"undergo","en"
"understand","en"
"understanding","en"
"unfortunately","en"
"uniform","en"
"union","en"
"unique","en"
"unit","en"
"United","en"
"universal","en"
"universe","en"
"university","en"
"unknown","en"
"unless","en"
"unlike","en"
"unlikely","en"
"until","en"
"unusual","en"
"upon","en"
"upper","en"
"urban","en"
"urge","en"
"used","en"
"useful","en"
"user","en"
"usual","en"
"usually","en"
"utility","en"
"vacation","en"
"valley","en"
"valuable","en"
"value","en"
"variable","en"
"variation","en"
"variety","en"
"various","en"
"vary","en"
"vast","en"
"vegetable","en"
"vehicle","en"
"venture","en"
"version","en"
"versus","en"
"very","en"
"vessel","en"
"veteran","en"
"victim","en"
"victory","en"
"video","en"
"view","en"
"viewer","en"
"village","en"
"violate","en"
"violation","en"
"violence","en"
"violent","en"
"virtually","en"
"virtue","en"
"virus","en"
"visible","en"
"vision","en"
"visit","en"
"visitor","en"
"visual","en"
"vital","en"
"voice","en"
"volume","en"
"volunteer","en"
"vote","en"
"voter","en"
"vulnerable","en"
"wage","en"
"wait","en"
"wake","en"
"walk","en"
"wall","en"
"wander","en"
"want","en"
"warm","en"
"warn","en"
"warning","en"
"wash","en"
"waste","en"
"watch","en"
"water","en"
"wave","en"
"weak","en"
"wealth","en"
"wealthy","en"
"weapon","en"
"wear","en"
"weather","en"
"wedding","en"
"week","en"
"weekend","en"
"weekly","en"
"weigh","en"
"weight","en"
"welcome","en"
"welfare","en"
"well","en"
"west","en"
"western","en"
"what","en"
"whatever","en"
"wheel","en"
"when","en"
"whenever","en"
"where","en"
"whereas","en"
"whether","en"
"which","en"
"while","en"
"whisper","en"
"white","en"
"whole","en"
"whom","en"
"whose","en"
"wide","en"
"widely","en"
"widespread","en"
"wife","en"
"wild","en"
"will","en"
"willing","en"
"wind","en"
"window","en"
"wine","en"
"wing","en"
"winner","en"
"winter","en"
"wipe","en"
"wire","en"
"wisdom","en"
"wise","en"
"wish","en"
"with","en"
"withdraw","en"
"within","en"
"without","en"
"witness","en"
"woman","en"
"wonder","en"
"wonderful","en"
"wood","en"
"wooden","en"
"word","en"
"work","en"
"worker","en"
"working","en"
"works","en"
"workshop","en"
"world","en"
"worried","en"
"worry","en"
"worth","en"
"would","en"
"wound","en"
"wrap","en"
"write","en"
"writer","en"
"writing","en"
"wrong","en"
"yard","en"
"yeah","en"
"year","en"
"yell","en"
"yellow","en"
"yesterday","en"
"yield","en"
"young","en"
"your","en"
"yours","en"
"yourself","en"
"youth","en"
"zone","en"
